{"created_at":"Tue Mar 14 20:16:32 +0000 2017","id":841744877406810112,"id_str":"841744877406810112","text":"RT @BenjySarlin: Reset the \"Days without further comment\" sign https:\/\/t.co\/mijCYD0tcD","source":"\u003ca href=\"http:\/\/twitter.com\/download\/android\" rel=\"nofollow\"\u003eTwitter for Android\u003c\/a\u003e","truncated":false,"in_reply_to_status_id":null,"in_reply_to_status_id_str":null,"in_reply_to_user_id":null,"in_reply_to_user_id_str":null,"in_reply_to_screen_name":null,"user":{"id":874764036,"id_str":"874764036","name":"Bobby","screen_name":"babalux_bx","location":null,"url":null,"description":"resist #agentORANGE #conman #lowlife #TRUMPcare  in #WhiteHouse","protected":false,"verified":false,"followers_count":130,"friends_count":179,"listed_count":3,"favourites_count":132,"statuses_count":4478,"created_at":"Fri Oct 12 02:22:32 +0000 2012","utc_offset":null,"time_zone":null,"geo_enabled":true,"lang":"en","contributors_enabled":false,"is_translator":false,"profile_background_color":"C0DEED","profile_background_image_url":"http:\/\/abs.twimg.com\/images\/themes\/theme1\/bg.png","profile_background_image_url_https":"https:\/\/abs.twimg.com\/images\/themes\/theme1\/bg.png","profile_background_tile":false,"profile_link_color":"1DA1F2","profile_sidebar_border_color":"C0DEED","profile_sidebar_fill_color":"DDEEF6","profile_text_color":"333333","profile_use_background_image":true,"profile_image_url":"http:\/\/pbs.twimg.com\/profile_images\/837800511919243264\/tYLI-VVx_normal.jpg","profile_image_url_https":"https:\/\/pbs.twimg.com\/profile_images\/837800511919243264\/tYLI-VVx_normal.jpg","profile_banner_url":"https:\/\/pbs.twimg.com\/profile_banners\/874764036\/1482102796","default_profile":true,"default_profile_image":false,"following":null,"follow_request_sent":null,"notifications":null},"geo":null,"coordinates":null,"place":null,"contributors":null,"retweeted_status":{"created_at":"Tue Mar 14 19:12:26 +0000 2017","id":841728746646323200,"id_str":"841728746646323200","text":"Reset the \"Days without further comment\" sign https:\/\/t.co\/mijCYD0tcD","display_text_range":[0,45],"source":"\u003ca href=\"https:\/\/about.twitter.com\/products\/tweetdeck\" rel=\"nofollow\"\u003eTweetDeck\u003c\/a\u003e","truncated":false,"in_reply_to_status_id":null,"in_reply_to_status_id_str":null,"in_reply_to_user_id":null,"in_reply_to_user_id_str":null,"in_reply_to_screen_name":null,"user":{"id":16006592,"id_str":"16006592","name":"Benjy Sarlin","screen_name":"BenjySarlin","location":"Washington, DC","url":null,"description":"Political reporter for @NBCNews. Take it off Twitter at Benjy.Sarlin@nbcuni.com.","protected":false,"verified":true,"followers_count":65457,"friends_count":1650,"listed_count":2532,"favourites_count":9691,"statuses_count":67971,"created_at":"Wed Aug 27 02:27:23 +0000 2008","utc_offset":-14400,"time_zone":"Eastern Time (US & Canada)","geo_enabled":false,"lang":"en","contributors_enabled":false,"is_translator":false,"profile_background_color":"C0DEED","profile_background_image_url":"http:\/\/abs.twimg.com\/images\/themes\/theme1\/bg.png","profile_background_image_url_https":"https:\/\/abs.twimg.com\/images\/themes\/theme1\/bg.png","profile_background_tile":false,"profile_link_color":"1DA1F2","profile_sidebar_border_color":"C0DEED","profile_sidebar_fill_color":"DDEEF6","profile_text_color":"333333","profile_use_background_image":true,"profile_image_url":"http:\/\/pbs.twimg.com\/profile_images\/632228389030498305\/GN3npgEI_normal.jpg","profile_image_url_https":"https:\/\/pbs.twimg.com\/profile_images\/632228389030498305\/GN3npgEI_normal.jpg","profile_banner_url":"https:\/\/pbs.twimg.com\/profile_banners\/16006592\/1439768312","default_profile":true,"default_profile_image":false,"following":null,"follow_request_sent":null,"notifications":null},"geo":null,"coordinates":null,"place":null,"contributors":null,"quoted_status_id":841723974883123201,"quoted_status_id_str":"841723974883123201","quoted_status":{"created_at":"Tue Mar 14 18:53:28 +0000 2017","id":841723974883123201,"id_str":"841723974883123201","text":"WATCH LIVE: WH says President Trump is \"extremely confident\" that there will be evidence to support wiretap claim\u2026 https:\/\/t.co\/iNU6oABxxC","display_text_range":[0,140],"source":"\u003ca href=\"http:\/\/bufferapp.com\" rel=\"nofollow\"\u003eBuffer\u003c\/a\u003e","truncated":true,"in_reply_to_status_id":null,"in_reply_to_status_id_str":null,"in_reply_to_user_id":null,"in_reply_to_user_id_str":null,"in_reply_to_screen_name":null,"user":{"id":7309052,"id_str":"7309052","name":"Yahoo News","screen_name":"YahooNews","location":"New York City","url":"http:\/\/news.yahoo.com","description":"The official Twitter account for Yahoo News \u2013 breaking news and popular stories.","protected":false,"verified":true,"followers_count":1122963,"friends_count":2380,"listed_count":14507,"favourites_count":307,"statuses_count":148250,"created_at":"Sat Jul 07 06:52:31 +0000 2007","utc_offset":-14400,"time_zone":"Eastern Time (US & Canada)","geo_enabled":true,"lang":"en","contributors_enabled":false,"is_translator":false,"profile_background_color":"131516","profile_background_image_url":"http:\/\/pbs.twimg.com\/profile_background_images\/378800000067118457\/40515ea1427e35bed9d62acb3fe5903a.jpeg","profile_background_image_url_https":"https:\/\/pbs.twimg.com\/profile_background_images\/378800000067118457\/40515ea1427e35bed9d62acb3fe5903a.jpeg","profile_background_tile":false,"profile_link_color":"420099","profile_sidebar_border_color":"FFFFFF","profile_sidebar_fill_color":"E5F0FB","profile_text_color":"314251","profile_use_background_image":true,"profile_image_url":"http:\/\/pbs.twimg.com\/profile_images\/461884598608080896\/-JRj7OdX_normal.jpeg","profile_image_url_https":"https:\/\/pbs.twimg.com\/profile_images\/461884598608080896\/-JRj7OdX_normal.jpeg","profile_banner_url":"https:\/\/pbs.twimg.com\/profile_banners\/7309052\/1483557457","default_profile":false,"default_profile_image":false,"following":null,"follow_request_sent":null,"notifications":null},"geo":null,"coordinates":null,"place":null,"contributors":null,"is_quote_status":false,"extended_tweet":{"full_text":"WATCH LIVE: WH says President Trump is \"extremely confident\" that there will be evidence to support wiretap claim https:\/\/t.co\/Ux1kEd6oHG https:\/\/t.co\/olpDUGExGA","display_text_range":[0,137],"entities":{"hashtags":[],"urls":[{"url":"https:\/\/t.co\/Ux1kEd6oHG","expanded_url":"https:\/\/yhoo.it\/2hRkdty","display_url":"yhoo.it\/2hRkdty","indices":[114,137]}],"user_mentions":[],"symbols":[],"media":[{"id":841723970781081600,"id_str":"841723970781081600","indices":[138,161],"media_url":"http:\/\/pbs.twimg.com\/media\/C65nfeVWcAAjqVs.jpg","media_url_https":"https:\/\/pbs.twimg.com\/media\/C65nfeVWcAAjqVs.jpg","url":"https:\/\/t.co\/olpDUGExGA","display_url":"pic.twitter.com\/olpDUGExGA","expanded_url":"https:\/\/twitter.com\/YahooNews\/status\/841723974883123201\/photo\/1","type":"photo","sizes":{"small":{"w":680,"h":322,"resize":"fit"},"medium":{"w":1200,"h":569,"resize":"fit"},"thumb":{"w":150,"h":150,"resize":"crop"},"large":{"w":1502,"h":712,"resize":"fit"}}}]},"extended_entities":{"media":[{"id":841723970781081600,"id_str":"841723970781081600","indices":[138,161],"media_url":"http:\/\/pbs.twimg.com\/media\/C65nfeVWcAAjqVs.jpg","media_url_https":"https:\/\/pbs.twimg.com\/media\/C65nfeVWcAAjqVs.jpg","url":"https:\/\/t.co\/olpDUGExGA","display_url":"pic.twitter.com\/olpDUGExGA","expanded_url":"https:\/\/twitter.com\/YahooNews\/status\/841723974883123201\/photo\/1","type":"photo","sizes":{"small":{"w":680,"h":322,"resize":"fit"},"medium":{"w":1200,"h":569,"resize":"fit"},"thumb":{"w":150,"h":150,"resize":"crop"},"large":{"w":1502,"h":712,"resize":"fit"}}}]}},"retweet_count":13,"favorite_count":5,"entities":{"hashtags":[],"urls":[{"url":"https:\/\/t.co\/iNU6oABxxC","expanded_url":"https:\/\/twitter.com\/i\/web\/status\/841723974883123201","display_url":"twitter.com\/i\/web\/status\/8\u2026","indices":[115,138]}],"user_mentions":[],"symbols":[]},"favorited":false,"retweeted":false,"possibly_sensitive":false,"filter_level":"low","lang":"en"},"is_quote_status":true,"retweet_count":54,"favorite_count":137,"entities":{"hashtags":[],"urls":[{"url":"https:\/\/t.co\/mijCYD0tcD","expanded_url":"https:\/\/twitter.com\/YahooNews\/status\/841723974883123201","display_url":"twitter.com\/YahooNews\/stat\u2026","indices":[46,69]}],"user_mentions":[],"symbols":[]},"favorited":false,"retweeted":false,"possibly_sensitive":false,"filter_level":"low","lang":"en"},"quoted_status_id":841723974883123201,"quoted_status_id_str":"841723974883123201","quoted_status":{"created_at":"Tue Mar 14 18:53:28 +0000 2017","id":841723974883123201,"id_str":"841723974883123201","text":"WATCH LIVE: WH says President Trump is \"extremely confident\" that there will be evidence to support wiretap claim\u2026 https:\/\/t.co\/iNU6oABxxC","display_text_range":[0,140],"source":"\u003ca href=\"http:\/\/bufferapp.com\" rel=\"nofollow\"\u003eBuffer\u003c\/a\u003e","truncated":true,"in_reply_to_status_id":null,"in_reply_to_status_id_str":null,"in_reply_to_user_id":null,"in_reply_to_user_id_str":null,"in_reply_to_screen_name":null,"user":{"id":7309052,"id_str":"7309052","name":"Yahoo News","screen_name":"YahooNews","location":"New York City","url":"http:\/\/news.yahoo.com","description":"The official Twitter account for Yahoo News \u2013 breaking news and popular stories.","protected":false,"verified":true,"followers_count":1122963,"friends_count":2380,"listed_count":14507,"favourites_count":307,"statuses_count":148250,"created_at":"Sat Jul 07 06:52:31 +0000 2007","utc_offset":-14400,"time_zone":"Eastern Time (US & Canada)","geo_enabled":true,"lang":"en","contributors_enabled":false,"is_translator":false,"profile_background_color":"131516","profile_background_image_url":"http:\/\/pbs.twimg.com\/profile_background_images\/378800000067118457\/40515ea1427e35bed9d62acb3fe5903a.jpeg","profile_background_image_url_https":"https:\/\/pbs.twimg.com\/profile_background_images\/378800000067118457\/40515ea1427e35bed9d62acb3fe5903a.jpeg","profile_background_tile":false,"profile_link_color":"420099","profile_sidebar_border_color":"FFFFFF","profile_sidebar_fill_color":"E5F0FB","profile_text_color":"314251","profile_use_background_image":true,"profile_image_url":"http:\/\/pbs.twimg.com\/profile_images\/461884598608080896\/-JRj7OdX_normal.jpeg","profile_image_url_https":"https:\/\/pbs.twimg.com\/profile_images\/461884598608080896\/-JRj7OdX_normal.jpeg","profile_banner_url":"https:\/\/pbs.twimg.com\/profile_banners\/7309052\/1483557457","default_profile":false,"default_profile_image":false,"following":null,"follow_request_sent":null,"notifications":null},"geo":null,"coordinates":null,"place":null,"contributors":null,"is_quote_status":false,"extended_tweet":{"full_text":"WATCH LIVE: WH says President Trump is \"extremely confident\" that there will be evidence to support wiretap claim https:\/\/t.co\/Ux1kEd6oHG https:\/\/t.co\/olpDUGExGA","display_text_range":[0,137],"entities":{"hashtags":[],"urls":[{"url":"https:\/\/t.co\/Ux1kEd6oHG","expanded_url":"https:\/\/yhoo.it\/2hRkdty","display_url":"yhoo.it\/2hRkdty","indices":[114,137]}],"user_mentions":[],"symbols":[],"media":[{"id":841723970781081600,"id_str":"841723970781081600","indices":[138,161],"media_url":"http:\/\/pbs.twimg.com\/media\/C65nfeVWcAAjqVs.jpg","media_url_https":"https:\/\/pbs.twimg.com\/media\/C65nfeVWcAAjqVs.jpg","url":"https:\/\/t.co\/olpDUGExGA","display_url":"pic.twitter.com\/olpDUGExGA","expanded_url":"https:\/\/twitter.com\/YahooNews\/status\/841723974883123201\/photo\/1","type":"photo","sizes":{"small":{"w":680,"h":322,"resize":"fit"},"medium":{"w":1200,"h":569,"resize":"fit"},"thumb":{"w":150,"h":150,"resize":"crop"},"large":{"w":1502,"h":712,"resize":"fit"}}}]},"extended_entities":{"media":[{"id":841723970781081600,"id_str":"841723970781081600","indices":[138,161],"media_url":"http:\/\/pbs.twimg.com\/media\/C65nfeVWcAAjqVs.jpg","media_url_https":"https:\/\/pbs.twimg.com\/media\/C65nfeVWcAAjqVs.jpg","url":"https:\/\/t.co\/olpDUGExGA","display_url":"pic.twitter.com\/olpDUGExGA","expanded_url":"https:\/\/twitter.com\/YahooNews\/status\/841723974883123201\/photo\/1","type":"photo","sizes":{"small":{"w":680,"h":322,"resize":"fit"},"medium":{"w":1200,"h":569,"resize":"fit"},"thumb":{"w":150,"h":150,"resize":"crop"},"large":{"w":1502,"h":712,"resize":"fit"}}}]}},"retweet_count":13,"favorite_count":5,"entities":{"hashtags":[],"urls":[{"url":"https:\/\/t.co\/iNU6oABxxC","expanded_url":"https:\/\/twitter.com\/i\/web\/status\/841723974883123201","display_url":"twitter.com\/i\/web\/status\/8\u2026","indices":[115,138]}],"user_mentions":[],"symbols":[]},"favorited":false,"retweeted":false,"possibly_sensitive":false,"filter_level":"low","lang":"en"},"is_quote_status":true,"retweet_count":0,"favorite_count":0,"entities":{"hashtags":[],"urls":[{"url":"https:\/\/t.co\/mijCYD0tcD","expanded_url":"https:\/\/twitter.com\/YahooNews\/status\/841723974883123201","display_url":"twitter.com\/YahooNews\/stat\u2026","indices":[63,86]}],"user_mentions":[{"screen_name":"BenjySarlin","name":"Benjy Sarlin","id":16006592,"id_str":"16006592","indices":[3,15]}],"symbols":[]},"favorited":false,"retweeted":false,"possibly_sensitive":false,"filter_level":"low","lang":"en","timestamp_ms":"1489522592294"}
